{
  "name": "random_01_seed42_len2_batch1",
  "input": [
    [
      1,
      17
    ]
  ],
  "logits": [
    [
      [
        0.09341524541378021,
        0.5466104745864868,
        0.18170824646949768,
        1.1408663988113403,
        -0.07226864248514175,
        0.04287657514214516,
        1.4195327758789062,
        -2.667879819869995,
        1.6854721307754517,
        -0.8833923935890198,
        0.3600248694419861,
        1.1881757974624634,
        -2.202803611755371,
        -0.04533092677593231,
        0.7477470636367798,
        -0.17989994585514069,
        0.011750875040888786,
        1.0020866394042969,
        0.7670210599899292,
        -0.02370397374033928,
        0.6706832647323608,
        2.7940375804901123,
        -0.9001719951629639,
        -1.2535055875778198,
        1.2036635875701904,
        -1.7638194561004639,
        -1.8389943838119507,
        -2.5390818119049072,
        0.6546104550361633,
        -0.902966320514679,
        -1.344008207321167,
        -0.9922874569892883
      ],
      [
        -0.11369543522596359,
        2.874979019165039,
        -0.12652389705181122,
        -0.1710071712732315,
        -0.7673114538192749,
        0.30222511291503906,
        1.2899153232574463,
        -0.7827615737915039,
        1.7048945426940918,
        -0.015120799653232098,
        -1.0470598936080933,
        -0.2045869380235672,
        -0.040983278304338455,
        -0.6846050024032593,
        -1.304207682609558,
        -1.7659673690795898,
        1.3414192199707031,
        0.3880428671836853,
        -0.8567110300064087,
        -1.0961838960647583,
        -0.471883088350296,
        0.02360634133219719,
        0.8933637738227844,
        1.1982570886611938,
        -0.7054432034492493,
        0.4363153576850891,
        -0.6282784342765808,
        -0.38538044691085815,
        -0.04126371443271637,
        0.8339828848838806,
        0.5954350233078003,
        1.9253208637237549
      ]
    ]
  ],
  "seed": 42,
  "tokens": [
    1
  ]
}